tabla,periodo,grupo,pct,se_pp,num_miles,den_miles,n_muestral
A,2016,25-44,3.29,0.28,142,4300,282
A,2016,45-64,1.70,0.24,52,3084,76
A,2017,25-44,3.72,0.26,208,5612,430
A,2017,45-64,2.28,0.24,98,4317,111
A,2018,25-44,3.87,0.26,225,5813,437
A,2018,45-64,2.51,0.25,116,4626,143
A,2019,25-44,3.98,0.27,258,6477,518
A,2019,45-64,2.87,0.27,138,4823,168
A,2020,25-44,5.01,0.44,316,6305,478
A,2020,45-64,3.99,0.47,180,4520,146
A,2021,25-44,3.86,0.37,277,7167,460
A,2021,45-64,2.57,0.34,136,5272,142
A,2022,25-44,3.07,0.27,212,6914,336
A,2022,45-64,2.44,0.27,131,5344,127
A,2023,25-44,2.82,0.25,198,7012,302
A,2023,45-64,1.73,0.23,95,5461,114
A,2024,25-44,3.32,0.28,242,7295,352
A,2024,45-64,1.79,0.23,105,5863,115
A,2025,25-44,3.61,0.30,248,6866,338
A,2025,45-64,2.10,0.25,118,5632,123
A,2026,25-44,4.10,0.64,73,1791,99
A,2026,45-64,2.34,0.55,33,1407,36
D,2016,otro,0.00,0.00,0,1,0
D,2016,posgrado,0.54,0.36,3,534,5
D,2016,terciario,3.56,0.33,114,3206,225
D,2016,universitario,2.75,0.26,116,4228,202
D,2017,otro,0.00,0.00,0,2,0
D,2017,posgrado,2.05,0.60,16,771,15
D,2017,terciario,4.15,0.30,187,4515,363
D,2017,universitario,2.71,0.23,149,5502,257
D,2018,otro,0.00,0.00,0,8,0
D,2018,posgrado,2.74,0.68,22,790,17
D,2018,terciario,4.51,0.31,222,4916,412
D,2018,universitario,3.01,0.24,170,5663,257
D,2019,otro,1.12,4.58,0,10,1
D,2019,posgrado,3.55,0.72,35,983,26
D,2019,terciario,4.68,0.32,234,5002,449
D,2019,universitario,3.29,0.26,208,6304,328
D,2020,otro,0.00,0.00,0,1,0
D,2020,posgrado,3.50,1.01,36,1034,20
D,2020,terciario,5.48,0.52,261,4764,389
D,2020,universitario,4.26,0.43,248,5819,315
D,2021,otro,0.00,0.00,0,1,0
D,2021,posgrado,3.15,0.90,34,1089,21
D,2021,terciario,4.48,0.44,241,5374,388
D,2021,universitario,2.64,0.30,180,6806,276
D,2022,otro,0.00,0.00,0,5,0
D,2022,posgrado,0.71,0.36,8,1060,8
D,2022,terciario,4.29,0.35,233,5432,325
D,2022,universitario,2.11,0.22,140,6635,196
D,2023,otro,23.47,17.73,3,13,1
D,2023,posgrado,0.26,0.21,3,1088,6
D,2023,terciario,3.38,0.31,183,5421,270
D,2023,universitario,2.15,0.23,147,6842,206
D,2024,otro,0.00,0.00,0,10,0
D,2024,posgrado,0.77,0.36,9,1207,10
D,2024,terciario,4.08,0.33,229,5615,335
D,2024,universitario,2.39,0.24,176,7376,206
D,2025,otro,0.00,0.00,0,11,0
D,2025,posgrado,0.98,0.43,13,1296,12
D,2025,terciario,4.35,0.35,236,5438,319
D,2025,universitario,2.65,0.26,180,6770,210
D,2026,otro,0.00,0.00,0,1,0
D,2026,posgrado,2.93,1.51,9,313,2
D,2026,terciario,3.80,0.65,53,1387,92
D,2026,universitario,3.50,0.60,62,1762,69
GMQ,2016Q2,ALL,4.35,0.65,18,409,43
GMQ,2016Q3,ALL,4.24,0.65,18,430,42
GMQ,2016Q4,ALL,3.31,0.58,14,425,33
GMQ,2017Q1,ALL,4.71,0.71,19,399,43
GMQ,2017Q2,ALL,3.68,0.62,15,395,35
GMQ,2017Q3,ALL,4.36,0.68,18,418,40
GMQ,2017Q4,ALL,2.74,0.54,12,421,26
GMQ,2018Q1,ALL,4.16,0.65,18,427,40
GMQ,2018Q2,ALL,5.51,0.75,23,414,52
GMQ,2018Q3,ALL,6.36,0.78,28,446,62
GMQ,2018Q4,ALL,5.85,0.77,26,449,57
GMQ,2019Q1,ALL,8.36,0.88,40,473,88
GMQ,2019Q2,ALL,8.78,0.91,42,479,91
GMQ,2019Q3,ALL,8.63,0.86,42,489,98
GMQ,2019Q4,ALL,7.35,0.80,37,500,86
GMQ,2020Q1,ALL,9.75,0.91,50,517,111
GMQ,2020Q2,ALL,15.30,1.25,69,454,132
GMQ,2020Q3,ALL,8.17,0.92,39,480,88
GMQ,2020Q4,ALL,10.59,0.97,54,510,118
GMQ,2021Q1,ALL,8.18,0.83,43,522,98
GMQ,2021Q2,ALL,8.53,0.87,45,533,91
GMQ,2021Q3,ALL,8.39,0.89,44,519,89
GMQ,2021Q4,ALL,6.85,0.79,35,515,73
GMQ,2022Q1,ALL,6.45,0.78,34,525,70
GMQ,2022Q2,ALL,5.63,0.75,30,524,55
GMQ,2022Q3,ALL,5.98,0.78,31,519,61
GMQ,2022Q4,ALL,4.34,0.67,23,536,45
GMQ,2023Q1,ALL,5.58,0.75,29,519,56
GMQ,2023Q2,ALL,5.33,0.74,27,512,55
GMQ,2023Q3,ALL,5.13,0.76,26,510,49
GMQ,2023Q4,ALL,4.29,0.70,23,524,36
GMQ,2024Q1,ALL,4.75,0.74,25,526,48
GMQ,2024Q2,ALL,6.08,0.83,32,523,56
GMQ,2024Q3,ALL,4.99,0.75,26,513,45
GMQ,2024Q4,ALL,4.81,0.75,25,515,44
GMQ,2025Q1,ALL,6.86,0.87,36,521,70
GMQ,2025Q2,ALL,6.43,0.81,35,540,65
GMQ,2025Q3,ALL,6.21,0.84,33,525,55
GMQ,2025Q4,ALL,6.73,0.89,35,517,58
GMQ,2026Q1,ALL,7.32,0.93,38,517,69
GM,2016,ALL,3.96,0.36,50,1264,118
GM,2016,M,4.01,0.72,13,326,31
GM,2016,S,3.17,0.67,10,304,22
GM,2017,ALL,3.87,0.32,63,1633,144
GM,2017,M,3.14,0.58,12,395,27
GM,2017,S,1.87,0.46,7,394,16
GM,2018,ALL,5.48,0.37,95,1736,211
GM,2018,M,6.44,0.81,27,419,60
GM,2018,S,2.56,0.53,11,425,23
GM,2019,ALL,8.27,0.43,161,1942,363
GM,2019,M,9.39,0.93,44,467,102
GM,2019,S,4.73,0.68,22,475,50
GM,2020,ALL,10.87,0.51,213,1960,449
GM,2020,M,10.45,1.04,46,444,103
GM,2020,S,4.44,0.68,21,468,45
GM,2021,ALL,7.99,0.42,167,2088,351
GM,2021,M,8.05,0.86,41,515,87
GM,2021,S,4.11,0.64,20,486,46
GM,2022,ALL,5.59,0.37,118,2105,231
GM,2022,M,7.04,0.86,35,503,65
GM,2022,S,1.82,0.43,9,522,21
GM,2023,ALL,5.08,0.37,105,2065,196
GM,2023,M,5.40,0.75,28,526,55
GM,2023,S,2.08,0.47,11,543,20
GM,2024,ALL,5.16,0.38,107,2076,193
GM,2024,M,5.37,0.75,31,571,54
GM,2024,S,2.04,0.47,12,574,23
GM,2025,ALL,6.56,0.43,138,2104,248
GM,2025,M,7.08,0.84,41,580,77
GM,2025,S,3.09,0.58,17,563,30
GM,2026,ALL,7.32,0.93,38,517,69
GM,2026,M,10.27,1.94,16,153,31
GM,2026,S,3.55,1.35,5,134,7
Q,2016Q2,ALL,9.32,0.27,1165,12503,1946
Q,2016Q2,M,9.17,0.50,310,3379,547
Q,2016Q2,S,3.34,0.36,88,2622,156
Q,2016Q3,ALL,8.52,0.26,1069,12546,1750
Q,2016Q3,M,8.56,0.49,291,3398,508
Q,2016Q3,S,2.94,0.34,78,2654,144
Q,2016Q4,ALL,7.56,0.25,937,12397,1605
Q,2016Q4,M,7.75,0.48,269,3465,478
Q,2016Q4,S,2.51,0.32,68,2693,132
Q,2017Q1,ALL,9.21,0.28,1149,12478,1827
Q,2017Q1,M,8.86,0.51,304,3434,513
Q,2017Q1,S,3.72,0.39,100,2680,182
Q,2017Q2,ALL,8.72,0.26,1088,12483,1860
Q,2017Q2,M,8.95,0.49,310,3460,545
Q,2017Q2,S,3.31,0.36,84,2556,160
Q,2017Q3,ALL,8.30,0.26,1058,12751,1770
Q,2017Q3,M,7.91,0.47,276,3488,490
Q,2017Q3,S,3.15,0.35,85,2680,146
Q,2017Q4,ALL,7.22,0.24,926,12818,1588
Q,2017Q4,M,7.55,0.47,264,3502,477
Q,2017Q4,S,2.92,0.33,84,2875,147
Q,2018Q1,ALL,9.15,0.27,1183,12932,1927
Q,2018Q1,M,9.67,0.52,354,3661,553
Q,2018Q1,S,4.15,0.40,119,2863,189
Q,2018Q2,ALL,9.62,0.28,1239,12881,1982
Q,2018Q2,M,10.44,0.55,381,3646,592
Q,2018Q2,S,4.02,0.40,111,2773,182
Q,2018Q3,ALL,8.99,0.27,1168,12990,1870
Q,2018Q3,M,10.51,0.55,392,3729,625
Q,2018Q3,S,3.37,0.36,95,2809,155
Q,2018Q4,ALL,9.13,0.27,1185,12979,1957
Q,2018Q4,M,10.11,0.53,368,3642,627
Q,2018Q4,S,3.02,0.34,89,2932,160
Q,2019Q1,ALL,10.07,0.29,1338,13285,2364
Q,2019Q1,M,11.35,0.56,426,3756,732
Q,2019Q1,S,4.26,0.40,127,2986,216
Q,2019Q2,ALL,10.64,0.29,1438,13511,2405
Q,2019Q2,M,11.64,0.58,441,3786,716
Q,2019Q2,S,4.16,0.40,126,3028,212
Q,2019Q3,ALL,9.74,0.29,1287,13221,2124
Q,2019Q3,M,10.99,0.57,403,3668,641
Q,2019Q3,S,3.69,0.38,115,3118,196
Q,2019Q4,ALL,8.90,0.27,1196,13436,2031
Q,2019Q4,M,9.31,0.51,350,3757,620
Q,2019Q4,S,3.43,0.37,109,3168,180
Q,2020Q1,ALL,10.37,0.32,1394,13439,2011
Q,2020Q1,M,11.55,0.62,430,3724,608
Q,2020Q1,S,4.06,0.43,121,2982,197
Q,2020Q2,ALL,13.08,0.56,1437,10983,1563
Q,2020Q2,M,13.15,1.04,398,3027,450
Q,2020Q2,S,4.89,0.69,129,2641,170
Q,2020Q3,ALL,11.72,0.52,1415,12072,1560
Q,2020Q3,M,12.67,0.98,404,3189,469
Q,2020Q3,S,4.54,0.65,134,2960,181
Q,2020Q4,ALL,10.96,0.57,1418,12942,1548
Q,2020Q4,M,12.09,1.09,406,3357,458
Q,2020Q4,S,5.28,0.75,160,3035,176
Q,2021Q1,ALL,10.16,0.45,1355,13337,1766
Q,2021Q1,M,12.34,0.95,446,3615,563
Q,2021Q1,S,4.68,0.62,150,3203,216
Q,2021Q2,ALL,9.60,0.46,1273,13254,1737
Q,2021Q2,M,10.99,0.94,391,3560,582
Q,2021Q2,S,4.15,0.60,140,3369,182
Q,2021Q3,ALL,8.24,0.38,1113,13517,1474
Q,2021Q3,M,8.62,0.74,319,3707,463
Q,2021Q3,S,2.31,0.39,78,3380,142
Q,2021Q4,ALL,6.97,0.30,947,13590,1372
Q,2021Q4,M,7.86,0.60,301,3826,453
Q,2021Q4,S,2.62,0.37,87,3319,145
Q,2022Q1,ALL,6.97,0.30,943,13527,1367
Q,2022Q1,M,8.43,0.62,326,3871,461
Q,2022Q1,S,4.05,0.45,133,3287,175
Q,2022Q2,ALL,6.86,0.28,957,13950,1335
Q,2022Q2,M,7.95,0.57,323,4064,406
Q,2022Q2,S,3.15,0.38,104,3298,136
Q,2022Q3,ALL,7.11,0.29,989,13911,1340
Q,2022Q3,M,9.00,0.60,355,3951,460
Q,2022Q3,S,2.38,0.34,77,3234,103
Q,2022Q4,ALL,6.28,0.27,875,13937,1203
Q,2022Q4,M,7.42,0.55,302,4069,411
Q,2022Q4,S,2.02,0.31,67,3314,115
Q,2023Q1,ALL,6.87,0.27,974,14165,1322
Q,2023Q1,M,7.13,0.51,313,4385,442
Q,2023Q1,S,3.36,0.40,107,3179,143
Q,2023Q2,ALL,6.24,0.27,872,13980,1279
Q,2023Q2,M,6.63,0.51,280,4217,446
Q,2023Q2,S,2.94,0.37,96,3259,129
Q,2023Q3,ALL,5.73,0.25,814,14210,1169
Q,2023Q3,M,7.23,0.52,309,4280,410
Q,2023Q3,S,2.19,0.33,75,3423,119
Q,2023Q4,ALL,5.73,0.25,822,14340,1055
Q,2023Q4,M,6.72,0.50,289,4298,376
Q,2023Q4,S,1.68,0.29,59,3504,92
Q,2024Q1,ALL,7.66,0.29,1088,14202,1362
Q,2024Q1,M,9.11,0.58,414,4544,501
Q,2024Q1,S,2.97,0.39,100,3370,141
Q,2024Q2,ALL,7.56,0.29,1088,14386,1477
Q,2024Q2,M,8.96,0.57,386,4308,520
Q,2024Q2,S,2.67,0.36,92,3445,130
Q,2024Q3,ALL,6.92,0.27,994,14362,1358
Q,2024Q3,M,7.68,0.51,335,4361,471
Q,2024Q3,S,3.34,0.40,123,3671,157
Q,2024Q4,ALL,6.45,0.26,937,14533,1242
Q,2024Q4,M,7.49,0.51,335,4473,469
Q,2024Q4,S,2.69,0.35,100,3722,123
Q,2025Q1,ALL,7.89,0.30,1136,14394,1381
Q,2025Q1,M,9.06,0.57,410,4531,510
Q,2025Q1,S,3.55,0.41,121,3416,145
Q,2025Q2,ALL,7.58,0.30,1091,14395,1387
Q,2025Q2,M,8.19,0.55,378,4617,542
Q,2025Q2,S,3.03,0.39,99,3275,141
Q,2025Q3,ALL,6.58,0.27,958,14564,1303
Q,2025Q3,M,6.95,0.50,321,4621,463
Q,2025Q3,S,2.99,0.39,101,3386,127
Q,2025Q4,ALL,7.49,0.29,1093,14596,1307
Q,2025Q4,M,7.64,0.53,342,4479,442
Q,2025Q4,S,3.11,0.40,107,3437,128
Q,2026Q1,ALL,7.83,0.31,1145,14616,1423
Q,2026Q1,M,8.92,0.59,413,4623,535
Q,2026Q1,S,3.56,0.43,123,3464,163
RE,2016,ALL,8.63,0.16,3121,36181,5183
RE,2016,M,8.63,0.29,856,9916,1502
RE,2016,S,2.92,0.20,224,7665,410
RE,2017,ALL,8.50,0.13,4158,48896,6901
RE,2017,M,8.46,0.25,1142,13489,1998
RE,2017,S,3.32,0.19,345,10397,619
RE,2018,ALL,9.35,0.14,4680,50046,7525
RE,2018,M,10.30,0.28,1468,14260,2337
RE,2018,S,3.68,0.19,403,10952,663
RE,2019,ALL,9.90,0.15,5098,51512,8561
RE,2019,M,10.87,0.29,1576,14500,2607
RE,2019,S,3.84,0.20,454,11824,754
RE,2020,ALL,11.48,0.26,5450,47476,6233
RE,2020,M,12.38,0.48,1592,12852,1882
RE,2020,S,4.70,0.33,524,11149,679
RE,2021,ALL,8.76,0.21,4521,51610,5998
RE,2021,M,9.98,0.42,1416,14193,1974
RE,2021,S,3.40,0.26,435,12785,639
RE,2022,ALL,6.85,0.15,3646,53220,5014
RE,2022,M,8.23,0.30,1271,15451,1673
RE,2022,S,2.94,0.19,371,12611,508
RE,2023,ALL,6.18,0.14,3377,54630,4629
RE,2023,M,6.98,0.26,1162,16654,1619
RE,2023,S,2.53,0.18,325,12822,463
RE,2024,ALL,7.22,0.15,4000,55407,5246
RE,2024,M,8.41,0.28,1439,17114,1907
RE,2024,S,2.96,0.19,403,13634,528
RE,2025,ALL,7.41,0.15,4139,55846,5130
RE,2025,M,7.99,0.28,1411,17667,1880
RE,2025,S,3.18,0.21,411,12952,511
RE,2026,ALL,7.85,0.32,1107,14099,1354
RE,2026,M,8.88,0.60,397,4470,504
RE,2026,S,3.56,0.44,119,3330,156
R,2016Q2,GBA,10.56,0.47,740,7009,525
R,2016Q2,INT,7.73,0.23,425,5494,1421
R,2016Q3,GBA,9.98,0.45,705,7069,531
R,2016Q3,INT,6.64,0.21,364,5477,1219
R,2016Q4,GBA,8.51,0.43,591,6940,441
R,2016Q4,INT,6.35,0.22,347,5456,1164
R,2017Q1,GBA,10.88,0.48,767,7054,554
R,2017Q1,INT,7.04,0.23,382,5424,1273
R,2017Q2,GBA,10.02,0.45,698,6970,542
R,2017Q2,INT,7.08,0.22,390,5513,1318
R,2017Q3,GBA,9.61,0.45,689,7162,505
R,2017Q3,INT,6.61,0.21,370,5589,1265
R,2017Q4,GBA,8.44,0.43,604,7156,444
R,2017Q4,INT,5.68,0.20,322,5662,1144
R,2018Q1,GBA,10.71,0.48,772,7208,538
R,2018Q1,INT,7.18,0.22,411,5724,1389
R,2018Q2,GBA,11.40,0.49,823,7220,575
R,2018Q2,INT,7.34,0.22,416,5662,1407
R,2018Q3,GBA,10.46,0.48,759,7256,528
R,2018Q3,INT,7.13,0.22,409,5733,1342
R,2018Q4,GBA,10.45,0.48,754,7215,506
R,2018Q4,INT,7.48,0.22,431,5764,1451
R,2019Q1,GBA,11.13,0.49,825,7408,590
R,2019Q1,INT,8.74,0.24,514,5878,1774
R,2019Q2,GBA,11.88,0.50,898,7555,592
R,2019Q2,INT,9.07,0.24,540,5956,1813
R,2019Q3,GBA,11.08,0.50,816,7361,541
R,2019Q3,INT,8.05,0.23,472,5860,1583
R,2019Q4,GBA,9.96,0.48,743,7458,496
R,2019Q4,INT,7.58,0.22,453,5978,1535
R,2020Q1,GBA,11.49,0.56,857,7465,461
R,2020Q1,INT,8.98,0.25,537,5975,1550
R,2020Q2,GBA,13.16,0.99,762,5795,185
R,2020Q2,INT,12.99,0.41,674,5188,1378
R,2020Q3,GBA,13.79,0.98,880,6384,240
R,2020Q3,INT,9.40,0.35,534,5689,1320
R,2020Q4,GBA,12.56,1.08,873,6953,191
R,2020Q4,INT,9.10,0.31,545,5989,1357
R,2021Q1,GBA,11.02,0.82,799,7248,213
R,2021Q1,INT,9.13,0.27,556,6090,1553
R,2021Q2,GBA,10.19,0.84,729,7153,194
R,2021Q2,INT,8.91,0.25,543,6101,1543
R,2021Q3,GBA,8.95,0.69,663,7412,188
R,2021Q3,INT,7.37,0.23,450,6105,1286
R,2021Q4,GBA,7.43,0.54,553,7438,230
R,2021Q4,INT,6.40,0.22,394,6153,1142
R,2022Q1,GBA,7.34,0.53,537,7315,232
R,2022Q1,INT,6.53,0.22,406,6211,1135
R,2022Q2,GBA,7.82,0.50,598,7646,287
R,2022Q2,INT,5.69,0.20,359,6304,1048
R,2022Q3,GBA,8.17,0.52,625,7643,289
R,2022Q3,INT,5.81,0.21,364,6268,1051
R,2022Q4,GBA,6.96,0.48,530,7624,242
R,2022Q4,INT,5.47,0.20,345,6313,961
R,2023Q1,GBA,7.66,0.49,592,7732,286
R,2023Q1,INT,5.93,0.21,381,6434,1036
R,2023Q2,GBA,6.73,0.47,508,7544,241
R,2023Q2,INT,5.66,0.21,364,6435,1038
R,2023Q3,GBA,6.17,0.45,480,7777,232
R,2023Q3,INT,5.19,0.20,334,6433,937
R,2023Q4,GBA,6.53,0.45,514,7864,240
R,2023Q4,INT,4.76,0.19,308,6476,815
R,2024Q1,GBA,8.98,0.54,695,7741,311
R,2024Q1,INT,6.08,0.22,393,6461,1051
R,2024Q2,GBA,8.31,0.51,657,7902,326
R,2024Q2,INT,6.65,0.23,431,6484,1151
R,2024Q3,GBA,7.58,0.48,599,7905,313
R,2024Q3,INT,6.12,0.22,395,6458,1045
R,2024Q4,GBA,7.09,0.46,568,8014,273
R,2024Q4,INT,5.66,0.22,369,6519,969
R,2025Q1,GBA,9.12,0.53,726,7953,321
R,2025Q1,INT,6.37,0.23,410,6441,1060
R,2025Q2,GBA,8.66,0.53,683,7888,310
R,2025Q2,INT,6.27,0.23,408,6507,1077
R,2025Q3,GBA,6.80,0.46,544,8002,273
R,2025Q3,INT,6.31,0.23,414,6562,1030
R,2025Q4,GBA,8.55,0.53,683,7986,309
R,2025Q4,INT,6.20,0.23,410,6610,998
R,2026Q1,GBA,8.68,0.54,691,7961,313
R,2026Q1,INT,6.81,0.24,453,6656,1110
CAL,2016Q2,ALL,72.55,0.43,8138,11217,17587
CAL,2016Q2,S,27.74,0.92,696,2508,1450
CAL,2016Q3,ALL,72.47,0.43,8232,11359,17555
CAL,2016Q3,S,26.56,0.90,678,2554,1401
CAL,2016Q4,ALL,71.89,0.44,8177,11374,17137
CAL,2016Q4,S,25.72,0.90,671,2610,1380
CAL,2017Q1,ALL,72.98,0.44,8193,11227,17335
CAL,2017Q1,S,30.59,0.97,780,2550,1605
CAL,2017Q2,ALL,72.70,0.43,8221,11309,17684
CAL,2017Q2,S,28.15,0.94,690,2453,1478
CAL,2017Q3,ALL,73.85,0.43,8576,11612,17903
CAL,2017Q3,S,30.58,0.93,791,2586,1657
CAL,2017Q4,ALL,71.96,0.44,8452,11746,17614
CAL,2017Q4,S,28.10,0.90,773,2750,1489
CAL,2018Q1,ALL,72.58,0.44,8419,11599,17535
CAL,2018Q1,S,29.66,0.94,796,2685,1590
CAL,2018Q2,ALL,71.53,0.45,8226,11500,17150
CAL,2018Q2,S,27.34,0.92,714,2613,1503
CAL,2018Q3,ALL,72.53,0.45,8486,11699,17213
CAL,2018Q3,S,28.26,0.92,757,2680,1547
CAL,2018Q4,ALL,71.42,0.45,8309,11634,17124
CAL,2018Q4,S,27.92,0.90,780,2794,1578
CAL,2019Q1,ALL,72.32,0.45,8507,11763,17590
CAL,2019Q1,S,29.80,0.94,835,2803,1658
CAL,2019Q2,ALL,71.38,0.45,8514,11928,17593
CAL,2019Q2,S,27.37,0.91,784,2865,1563
CAL,2019Q3,ALL,70.58,0.46,8297,11756,17082
CAL,2019Q3,S,27.01,0.92,798,2954,1557
CAL,2019Q4,ALL,69.84,0.46,8446,12092,17497
CAL,2019Q4,S,26.58,0.92,799,3006,1548
CAL,2020Q1,ALL,71.62,0.50,8532,11914,15383
CAL,2020Q1,S,28.04,1.01,790,2816,1408
CAL,2020Q2,ALL,68.94,0.81,6509,9443,9051
CAL,2020Q2,S,24.17,1.42,595,2462,873
CAL,2020Q3,ALL,71.34,0.76,7531,10555,11650
CAL,2020Q3,S,28.38,1.44,791,2786,1202
CAL,2020Q4,ALL,72.12,0.86,8243,11429,12753
CAL,2020Q4,S,26.82,1.52,767,2859,1239
CAL,2021Q1,ALL,70.17,0.72,8308,11840,13836
CAL,2021Q1,S,27.88,1.35,837,3002,1350
CAL,2021Q2,ALL,69.11,0.76,8208,11876,14080
CAL,2021Q2,S,28.38,1.39,907,3197,1385
CAL,2021Q3,ALL,68.92,0.66,8455,12268,14816
CAL,2021Q3,S,29.37,1.21,956,3254,1523
CAL,2021Q4,ALL,70.20,0.57,8759,12478,15428
CAL,2021Q4,S,29.25,1.08,929,3177,1556
CAL,2022Q1,ALL,70.69,0.56,8756,12386,15397
CAL,2022Q1,S,27.02,1.04,837,3096,1522
CAL,2022Q2,ALL,71.84,0.51,9227,12844,16108
CAL,2022Q2,S,28.54,0.99,896,3139,1594
CAL,2022Q3,ALL,72.74,0.52,9308,12796,15756
CAL,2022Q3,S,32.01,1.07,1000,3124,1597
CAL,2022Q4,ALL,72.29,0.51,9394,12994,15726
CAL,2022Q4,S,31.61,1.04,1019,3223,1654
CAL,2023Q1,ALL,73.06,0.49,9577,13108,16064
CAL,2023Q1,S,31.30,1.03,956,3053,1598
CAL,2023Q2,ALL,73.59,0.50,9602,13048,16236
CAL,2023Q2,S,33.31,1.06,1048,3145,1649
CAL,2023Q3,ALL,73.21,0.50,9775,13352,16170
CAL,2023Q3,S,31.71,1.05,1059,3340,1681
CAL,2023Q4,ALL,71.90,0.50,9687,13473,15807
CAL,2023Q4,S,30.75,1.04,1054,3428,1663
CAL,2024Q1,ALL,72.53,0.51,9471,13058,15196
CAL,2024Q1,S,30.20,1.06,984,3257,1571
CAL,2024Q2,ALL,72.49,0.51,9597,13238,15367
CAL,2024Q2,S,31.53,1.06,1050,3331,1605
CAL,2024Q3,ALL,70.89,0.51,9434,13309,15438
CAL,2024Q3,S,31.41,1.05,1113,3543,1653
CAL,2024Q4,ALL,71.29,0.50,9623,13499,15538
CAL,2024Q4,S,34.25,1.04,1229,3587,1718
CAL,2025Q1,ALL,71.77,0.51,9473,13199,14741
CAL,2025Q1,S,33.35,1.06,1095,3283,1636
CAL,2025Q2,ALL,72.06,0.52,9551,13255,14970
CAL,2025Q2,S,32.62,1.09,1033,3166,1643
CAL,2025Q3,ALL,71.70,0.51,9706,13538,14670
CAL,2025Q3,S,32.56,1.08,1063,3264,1567
CAL,2025Q4,ALL,72.31,0.52,9732,13459,14492
CAL,2025Q4,S,33.21,1.11,1103,3321,1561
CAL,2026Q1,ALL,73.12,0.53,9835,13451,14481
CAL,2026Q1,S,34.17,1.11,1141,3340,1635
GCAL,2016,ALL,72.28,0.85,877,1213,2064
GCAL,2016,S,28.29,1.75,83,294,192
GCAL,2017,ALL,71.41,0.76,1121,1570,2590
GCAL,2017,S,30.28,1.59,117,386,263
GCAL,2018,ALL,71.11,0.76,1166,1639,2638
GCAL,2018,S,30.41,1.56,126,414,274
GCAL,2019,ALL,70.67,0.74,1257,1779,2809
GCAL,2019,S,28.08,1.47,127,452,289
GCAL,2020,ALL,72.07,0.77,1257,1744,2656
GCAL,2020,S,29.68,1.55,133,446,289
GCAL,2021,ALL,71.10,0.74,1365,1919,2902
GCAL,2021,S,31.53,1.52,147,465,327
GCAL,2022,ALL,71.47,0.76,1419,1985,2781
GCAL,2022,S,32.91,1.54,169,512,336
GCAL,2023,ALL,70.67,0.78,1383,1958,2609
GCAL,2023,S,28.59,1.50,152,531,300
GCAL,2024,ALL,71.44,0.81,1407,1969,2464
GCAL,2024,S,33.49,1.59,188,563,329
GCAL,2025,ALL,70.62,0.81,1388,1965,2452
GCAL,2025,S,30.77,1.58,168,545,291
GCAL,2026,ALL,70.66,1.69,339,479,587
GCAL,2026,S,32.65,3.47,42,129,66
GINF,2016,ALL,36.22,1.06,322,889,762
GINF,2016,S,14.17,1.55,32,224,72
GINF,2017,ALL,37.18,0.97,412,1109,961
GINF,2017,S,15.55,1.45,45,287,100
GINF,2018,ALL,39.14,0.96,466,1190,1047
GINF,2018,S,17.20,1.48,53,307,110
GINF,2019,ALL,39.05,0.94,498,1276,1121
GINF,2019,S,18.15,1.46,61,336,138
GINF,2020,ALL,38.34,1.01,458,1194,977
GINF,2020,S,20.61,1.60,67,324,147
GINF,2021,ALL,42.59,0.97,564,1323,1208
GINF,2021,S,21.56,1.58,73,339,169
GINF,2022,ALL,42.20,0.99,583,1381,1149
GINF,2022,S,20.12,1.53,76,380,156
GINF,2023,ALL,41.28,0.99,585,1417,1102
GINF,2023,S,20.49,1.53,83,407,157
GINF,2024,ALL,41.13,1.05,568,1382,1019
GINF,2024,S,17.01,1.48,69,406,121
GINF,2025,ALL,43.97,1.06,596,1356,1061
GINF,2025,S,20.63,1.62,82,400,141
GINF,2026,ALL,48.87,2.22,161,330,291
GINF,2026,S,23.44,3.71,22,92,37
GSUB,2016,ALL,8.44,0.53,102,1214,242
GSUB,2016,S,5.77,0.91,17,295,39
GSUB,2017,ALL,8.97,0.48,141,1570,325
GSUB,2017,S,6.10,0.83,24,386,53
GSUB,2018,ALL,15.14,0.60,248,1641,566
GSUB,2018,S,9.82,1.01,41,414,87
GSUB,2019,ALL,17.20,0.62,306,1781,682
GSUB,2019,S,10.47,1.00,47,453,104
GSUB,2020,ALL,18.22,0.67,318,1747,685
GSUB,2020,S,12.26,1.11,55,448,124
GSUB,2021,ALL,19.07,0.64,366,1921,789
GSUB,2021,S,14.07,1.14,66,466,146
GSUB,2022,ALL,17.62,0.64,350,1987,694
GSUB,2022,S,10.54,1.01,54,513,111
GSUB,2023,ALL,16.33,0.64,320,1960,602
GSUB,2023,S,10.29,1.01,55,532,101
GSUB,2024,ALL,13.91,0.62,274,1969,495
GSUB,2024,S,8.81,0.96,50,563,84
GSUB,2025,ALL,15.43,0.64,303,1966,540
GSUB,2025,S,9.18,0.99,50,545,95
GSUB,2026,ALL,14.88,1.32,71,479,121
GSUB,2026,S,6.17,1.78,8,129,12
INF,2016Q2,ALL,33.41,0.53,2862,8566,5766
INF,2016Q2,S,11.53,0.74,230,1997,443
INF,2016Q3,ALL,33.77,0.53,2923,8655,5829
INF,2016Q3,S,12.56,0.76,252,2008,432
INF,2016Q4,ALL,33.59,0.54,2901,8637,5727
INF,2016Q4,S,13.09,0.78,267,2036,446
INF,2017Q1,ALL,33.35,0.55,2802,8402,5645
INF,2017Q1,S,12.83,0.80,255,1985,462
INF,2017Q2,ALL,33.75,0.53,2889,8560,5853
INF,2017Q2,S,12.42,0.77,240,1935,428
INF,2017Q3,ALL,34.43,0.53,2998,8706,5960
INF,2017Q3,S,13.54,0.78,269,1983,474
INF,2017Q4,ALL,34.26,0.53,3048,8897,6051
INF,2017Q4,S,13.74,0.78,296,2155,501
INF,2018Q1,ALL,33.89,0.54,2995,8839,5991
INF,2018Q1,S,13.39,0.80,284,2121,510
INF,2018Q2,ALL,34.25,0.54,2949,8610,5916
INF,2018Q2,S,13.87,0.81,280,2018,481
INF,2018Q3,ALL,34.35,0.55,3009,8761,5938
INF,2018Q3,S,14.00,0.81,288,2057,483
INF,2018Q4,ALL,35.29,0.55,3102,8790,6161
INF,2018Q4,S,15.30,0.82,338,2206,580
INF,2019Q1,ALL,35.02,0.55,3118,8903,6187
INF,2019Q1,S,14.63,0.82,321,2192,568
INF,2019Q2,ALL,34.51,0.55,3089,8952,6214
INF,2019Q2,S,13.45,0.79,301,2241,523
INF,2019Q3,ALL,34.98,0.56,3032,8669,6064
INF,2019Q3,S,15.00,0.85,336,2239,531
INF,2019Q4,ALL,35.86,0.57,3187,8887,6410
INF,2019Q4,S,15.46,0.85,363,2349,605
INF,2020Q1,ALL,35.75,0.62,3166,8855,5492
INF,2020Q1,S,15.65,0.92,340,2172,521
INF,2020Q2,ALL,23.83,0.86,1751,7345,2590
INF,2020Q2,S,11.34,1.17,235,2071,287
INF,2020Q3,ALL,28.72,0.89,2187,7615,3525
INF,2020Q3,S,12.21,1.19,269,2204,328
INF,2020Q4,ALL,32.66,1.06,2653,8124,4232
INF,2020Q4,S,13.93,1.36,304,2185,375
INF,2021Q1,ALL,32.42,0.86,2788,8599,4691
INF,2021Q1,S,13.41,1.16,316,2353,426
INF,2021Q2,ALL,31.54,0.90,2746,8704,4717
INF,2021Q2,S,12.02,1.15,301,2501,439
INF,2021Q3,ALL,33.06,0.80,2955,8936,5187
INF,2021Q3,S,12.78,1.02,320,2501,453
INF,2021Q4,ALL,33.30,0.68,3074,9231,5525
INF,2021Q4,S,11.38,0.86,284,2491,432
INF,2022Q1,ALL,35.91,0.68,3320,9245,5691
INF,2022Q1,S,13.07,0.90,317,2425,500
INF,2022Q2,ALL,37.82,0.64,3614,9556,6093
INF,2022Q2,S,15.34,0.90,383,2496,557
INF,2022Q3,ALL,37.37,0.65,3499,9362,5819
INF,2022Q3,S,14.42,0.91,348,2414,509
INF,2022Q4,ALL,35.49,0.64,3411,9610,5768
INF,2022Q4,S,13.50,0.87,339,2508,508
INF,2023Q1,ALL,36.72,0.62,3596,9795,5942
INF,2023Q1,S,14.33,0.89,342,2385,481
INF,2023Q2,ALL,36.81,0.63,3580,9725,6058
INF,2023Q2,S,14.17,0.89,352,2484,509
INF,2023Q3,ALL,35.80,0.62,3589,10024,5919
INF,2023Q3,S,15.12,0.92,399,2637,533
INF,2023Q4,ALL,35.73,0.62,3560,9964,5840
INF,2023Q4,S,14.21,0.90,376,2642,531
INF,2024Q1,ALL,35.65,0.64,3491,9792,5577
INF,2024Q1,S,15.00,0.95,370,2468,512
INF,2024Q2,ALL,36.36,0.65,3567,9809,5578
INF,2024Q2,S,14.99,0.94,383,2556,492
INF,2024Q3,ALL,36.69,0.64,3583,9767,5632
INF,2024Q3,S,15.63,0.94,433,2768,553
INF,2024Q4,ALL,36.12,0.63,3552,9833,5565
INF,2024Q4,S,15.04,0.90,417,2772,546
INF,2025Q1,ALL,36.29,0.64,3496,9633,5319
INF,2025Q1,S,15.84,0.94,403,2546,524
INF,2025Q2,ALL,37.73,0.66,3633,9629,5483
INF,2025Q2,S,17.06,1.00,415,2433,545
INF,2025Q3,ALL,36.65,0.65,3584,9777,5392
INF,2025Q3,S,15.83,0.97,400,2526,533
INF,2025Q4,ALL,36.32,0.66,3508,9659,5128
INF,2025Q4,S,14.45,0.97,365,2525,492
INF,2026Q1,ALL,37.90,0.68,3665,9669,5244
INF,2026Q1,S,16.29,0.99,413,2533,524
PRO,2016Q2,ALL,9.98,0.29,1119,11217,2123
PRO,2016Q2,S,34.36,0.97,862,2508,1641
PRO,2016Q3,ALL,9.97,0.29,1133,11359,2093
PRO,2016Q3,S,34.73,0.97,887,2554,1623
PRO,2016Q4,ALL,10.14,0.30,1154,11374,2059
PRO,2016Q4,S,34.71,0.98,906,2610,1622
PRO,2017Q1,ALL,9.58,0.29,1075,11227,1974
PRO,2017Q1,S,32.42,0.99,827,2550,1502
PRO,2017Q2,ALL,9.61,0.28,1086,11309,2073
PRO,2017Q2,S,33.49,0.98,821,2453,1564
PRO,2017Q3,ALL,8.96,0.28,1041,11612,1949
PRO,2017Q3,S,31.43,0.94,813,2586,1472
PRO,2017Q4,ALL,9.69,0.29,1138,11746,2112
PRO,2017Q4,S,32.03,0.94,881,2750,1632
PRO,2018Q1,ALL,9.57,0.29,1110,11599,2064
PRO,2018Q1,S,31.78,0.96,853,2685,1594
PRO,2018Q2,ALL,9.90,0.29,1138,11500,2053
PRO,2018Q2,S,33.88,0.98,885,2613,1572
PRO,2018Q3,ALL,10.31,0.30,1206,11699,2017
PRO,2018Q3,S,34.35,0.97,920,2680,1563
PRO,2018Q4,ALL,10.01,0.30,1165,11634,2079
PRO,2018Q4,S,32.21,0.94,900,2794,1607
PRO,2019Q1,ALL,9.80,0.30,1152,11763,2050
PRO,2019Q1,S,32.77,0.96,918,2803,1624
PRO,2019Q2,ALL,10.62,0.31,1267,11928,2202
PRO,2019Q2,S,35.24,0.97,1009,2865,1746
PRO,2019Q3,ALL,10.95,0.32,1287,11756,2227
PRO,2019Q3,S,35.40,0.99,1046,2954,1799
PRO,2019Q4,ALL,11.14,0.32,1347,12092,2184
PRO,2019Q4,S,35.07,0.99,1054,3006,1747
PRO,2020Q1,ALL,10.45,0.34,1244,11914,1827
PRO,2020Q1,S,33.87,1.06,954,2816,1428
PRO,2020Q2,ALL,10.42,0.54,984,9443,1165
PRO,2020Q2,S,32.78,1.55,807,2462,943
PRO,2020Q3,ALL,9.96,0.51,1051,10555,1423
PRO,2020Q3,S,29.73,1.46,828,2786,1158
PRO,2020Q4,ALL,9.70,0.57,1108,11429,1528
PRO,2020Q4,S,31.15,1.59,891,2859,1245
PRO,2021Q1,ALL,11.07,0.49,1311,11840,1603
PRO,2021Q1,S,35.66,1.45,1071,3002,1305
PRO,2021Q2,ALL,11.34,0.52,1347,11876,1666
PRO,2021Q2,S,34.88,1.47,1115,3197,1352
PRO,2021Q3,ALL,10.81,0.44,1327,12268,1787
PRO,2021Q3,S,32.72,1.25,1065,3254,1431
PRO,2021Q4,ALL,10.30,0.38,1286,12478,1845
PRO,2021Q4,S,31.26,1.10,993,3177,1457
PRO,2022Q1,ALL,9.93,0.37,1230,12386,1808
PRO,2022Q1,S,31.64,1.09,979,3096,1447
PRO,2022Q2,ALL,10.14,0.34,1302,12844,1934
PRO,2022Q2,S,32.94,1.03,1034,3139,1533
PRO,2022Q3,ALL,9.31,0.34,1191,12796,1693
PRO,2022Q3,S,30.83,1.06,963,3124,1365
PRO,2022Q4,ALL,10.16,0.35,1320,12994,1803
PRO,2022Q4,S,31.56,1.04,1017,3223,1407
PRO,2023Q1,ALL,9.19,0.32,1204,13108,1688
PRO,2023Q1,S,30.64,1.03,936,3053,1314
PRO,2023Q2,ALL,9.15,0.33,1193,13048,1737
PRO,2023Q2,S,29.73,1.02,935,3145,1382
PRO,2023Q3,ALL,9.98,0.34,1333,13352,1811
PRO,2023Q3,S,31.74,1.05,1060,3340,1454
PRO,2023Q4,ALL,10.53,0.34,1419,13473,1868
PRO,2023Q4,S,31.28,1.04,1073,3428,1414
PRO,2024Q1,ALL,10.13,0.35,1323,13058,1698
PRO,2024Q1,S,32.69,1.08,1065,3257,1352
PRO,2024Q2,ALL,10.02,0.34,1327,13238,1745
PRO,2024Q2,S,32.44,1.06,1080,3331,1406
PRO,2024Q3,ALL,11.07,0.35,1473,13309,1878
PRO,2024Q3,S,32.82,1.06,1163,3543,1453
PRO,2024Q4,ALL,11.94,0.36,1611,13499,2035
PRO,2024Q4,S,33.81,1.04,1213,3587,1535
PRO,2025Q1,ALL,10.56,0.35,1394,13199,1769
PRO,2025Q1,S,31.35,1.04,1029,3283,1335
PRO,2025Q2,ALL,11.05,0.36,1464,13255,1900
PRO,2025Q2,S,32.95,1.09,1043,3166,1403
PRO,2025Q3,ALL,11.19,0.36,1515,13538,1887
PRO,2025Q3,S,33.81,1.09,1104,3264,1387
PRO,2025Q4,ALL,11.01,0.36,1482,13459,1825
PRO,2025Q4,S,33.87,1.12,1125,3321,1388
PRO,2026Q1,ALL,9.71,0.35,1307,13451,1633
PRO,2026Q1,S,29.96,1.07,1001,3340,1246
SUB,2016Q2,ALL,12.35,0.32,1401,11338,2305
SUB,2016Q2,S,8.32,0.56,211,2534,373
SUB,2016Q3,ALL,11.10,0.30,1274,11477,2167
SUB,2016Q3,S,7.38,0.53,190,2576,330
SUB,2016Q4,ALL,11.15,0.31,1278,11459,2096
SUB,2016Q4,S,7.49,0.54,197,2625,332
SUB,2017Q1,ALL,10.95,0.31,1240,11328,2069
SUB,2017Q1,S,6.73,0.53,174,2580,300
SUB,2017Q2,ALL,12.03,0.31,1371,11395,2402
SUB,2017Q2,S,8.73,0.59,216,2471,406
SUB,2017Q3,ALL,11.81,0.31,1380,11693,2427
SUB,2017Q3,S,8.00,0.55,208,2595,363
SUB,2017Q4,ALL,10.98,0.30,1305,11892,2342
SUB,2017Q4,S,6.69,0.50,187,2792,341
SUB,2018Q1,ALL,10.77,0.30,1266,11749,2238
SUB,2018Q1,S,6.86,0.52,188,2744,306
SUB,2018Q2,ALL,12.43,0.32,1447,11642,2551
SUB,2018Q2,S,7.66,0.55,204,2662,347
SUB,2018Q3,ALL,13.00,0.34,1537,11822,2640
SUB,2018Q3,S,8.26,0.56,224,2715,394
SUB,2018Q4,ALL,13.20,0.33,1557,11793,2700
SUB,2018Q4,S,8.67,0.56,246,2843,410
SUB,2019Q1,ALL,13.08,0.34,1562,11947,2850
SUB,2019Q1,S,6.86,0.51,196,2859,348
SUB,2019Q2,ALL,14.70,0.35,1775,12073,3296
SUB,2019Q2,S,9.73,0.60,282,2902,535
SUB,2019Q3,ALL,14.14,0.35,1688,11934,3134
SUB,2019Q3,S,9.82,0.61,295,3003,513
SUB,2019Q4,ALL,14.33,0.35,1754,12240,3308
SUB,2019Q4,S,9.80,0.61,300,3059,520
SUB,2020Q1,ALL,13.03,0.37,1569,12045,2601
SUB,2020Q1,S,7.03,0.57,201,2861,345
SUB,2020Q2,ALL,11.04,0.55,1054,9546,1234
SUB,2020Q2,S,6.77,0.83,170,2512,189
SUB,2020Q3,ALL,15.20,0.61,1620,10658,2106
SUB,2020Q3,S,9.08,0.91,256,2825,331
SUB,2020Q4,ALL,16.96,0.71,1955,11524,2255
SUB,2020Q4,S,8.59,0.96,247,2875,282
SUB,2021Q1,ALL,13.29,0.53,1592,11982,2293
SUB,2021Q1,S,8.47,0.84,259,3053,318
SUB,2021Q2,ALL,13.73,0.56,1645,11981,2460
SUB,2021Q2,S,8.70,0.87,281,3229,358
SUB,2021Q3,ALL,13.28,0.48,1648,12404,2510
SUB,2021Q3,S,9.22,0.77,304,3302,405
SUB,2021Q4,ALL,13.03,0.42,1647,12644,2602
SUB,2021Q4,S,9.09,0.68,294,3231,407
SUB,2022Q1,ALL,10.76,0.38,1355,12584,2204
SUB,2022Q1,S,6.77,0.59,214,3154,297
SUB,2022Q2,ALL,11.95,0.37,1552,12993,2552
SUB,2022Q2,S,7.27,0.57,232,3195,393
SUB,2022Q3,ALL,11.88,0.38,1535,12922,2395
SUB,2022Q3,S,6.34,0.56,200,3157,352
SUB,2022Q4,ALL,11.62,0.37,1517,13061,2367
SUB,2022Q4,S,8.41,0.62,273,3247,389
SUB,2023Q1,ALL,10.10,0.34,1332,13191,2209
SUB,2023Q1,S,6.21,0.54,191,3072,288
SUB,2023Q2,ALL,11.32,0.36,1484,13108,2420
SUB,2023Q2,S,6.56,0.55,208,3163,377
SUB,2023Q3,ALL,10.95,0.35,1467,13396,2223
SUB,2023Q3,S,6.67,0.56,223,3348,335
SUB,2023Q4,ALL,11.11,0.35,1502,13518,2207
SUB,2023Q4,S,6.07,0.54,209,3445,347
SUB,2024Q1,ALL,11.01,0.36,1444,13114,2090
SUB,2024Q1,S,6.53,0.57,214,3270,275
SUB,2024Q2,ALL,12.78,0.38,1699,13298,2408
SUB,2024Q2,S,8.41,0.63,282,3354,375
SUB,2024Q3,ALL,12.21,0.37,1632,13368,2466
SUB,2024Q3,S,5.85,0.53,208,3548,349
SUB,2024Q4,ALL,12.07,0.36,1641,13596,2440
SUB,2024Q4,S,6.72,0.55,244,3622,368
SUB,2025Q1,ALL,10.84,0.35,1437,13259,2015
SUB,2025Q1,S,6.34,0.55,209,3294,309
SUB,2025Q2,ALL,12.54,0.38,1668,13304,2288
SUB,2025Q2,S,9.31,0.67,296,3176,386
SUB,2025Q3,ALL,11.62,0.36,1581,13606,2303
SUB,2025Q3,S,7.01,0.59,230,3285,353
SUB,2025Q4,ALL,12.25,0.38,1654,13503,2202
SUB,2025Q4,S,7.30,0.61,243,3331,331
SUB,2026Q1,ALL,12.09,0.39,1629,13472,2091
SUB,2026Q1,S,6.16,0.56,206,3341,269
